Rank,Industry,Sector,Relative Strength,Percentile,1 Month Ago,3 Months Ago,6 Months Ago,Tickers
1,Utilities—Independent Power Producers,Utilities,218.87,99,99,99,99,"WAVE,VST,TAC,NRG"
2,Softwareâ€”Infrastructure,Technology,170.88,99,96,29,46,"ARQQ,ALLT,ACIW,ARBE,ALTR,APPN,AKAM,ADBE"
3,Insurance Brokers,Financial Services,132.11,98,24,30,63,"HUIZ,SLQT,EHTH,GOCO,CRVL,BRO,AON,AJG,MMC,ERIE,TIRX,RELI"
4,Electrical Equipment & Parts,Industrials,130.3,98,93,47,62,"MVST,OPTT,EOSE,BE,LTBR,POWL,VRT,BDC,ESP,PPSI,AYI,ENR,AZZ,BMI,EAF,AEIS,RFIL,HUBB,HAYW,BW,POLA,PLPC,NVT,IPWR,APWC,PLUG,ENS,SVT,KE,OESX,CBAT,ULBI,ATKR,FCEL,FLUX"
5,Softwareâ€”Application,Technology,128.67,97,99,96,87,"APP,AMST,ASAN,API,AGYS,AEYE,ALKT,ACVA,ADSK,APPF,AGMH,ANSS,ALRM,ANY,ALIT,APPS"
6,Communication Equipment,Technology,121.38,96,77,89,53,"AMPG,ONDS,COMM,UI,INSG,BKTI,CLRO,CRNT,FEIM,OCC,NTGR,LITE,ADTN,CIEN,FKWL,SATS,BOSC,ERIC,ITRN,ZBRA,MSI,CSCO,EXTR,AIRG,KN,NOK,KVHI,VIAV,GILT,HPE,INFN,DGII,SILC,PI,CMTL,LTRX,JNPR,HLIT,CLFD,UTSI,AUDC,VISL,NTIP,BOXL,SONM,AVNW,VSAT,CMBM,SYTA"
7,Utilitiesâ€”Renewable,Utilities,119.09,96,72,0,1,"ADN,AQN"
8,Travel Services,Consumer Cyclical,119.07,95,98,94,88,"TZOO,DESP,MMYT,RCL,CCL,NCLH,EXPE,TCOM,BKNG,LIND,TNL,TOUR,YTRA,TRIP"
9,Consumer Electronics,Technology,118.33,95,92,98,99,"VUZI,ATER,KOSS,VIOT,VOXX,HEAR,AAPL,SONY,UEIC,SONO,IRBT,MSN,LPL,HBB,GPRO"
10,Capital Markets,Financial Services,118.15,94,98,86,93,"MFH,HUT,BTCS,FRHC,SIEB,IBKR,VIRT,OPY,PWP,PJT,COHN,SNEX,PIPR,LPLA,EVR,CIFR,SF,GS,RJF,MS,MC,HLI,TIGR,TW,LAZ,SRL,WHG,AC,SCHW,FUTU,NMR,MARA,BTCM,DFIN,MKTX,HGBL,AMRK,BITF,XP"
11,Credit Services,Financial Services,116.02,93,94,91,78,"FOA,LX,UPST,SOFI,LC,QFIN,XYF,ATLC,SYF,ENVA,SNFCA,OPRT,PMTS,DFS,SLM,PYPL,AXP,AIHS,COF,QD,FINV,RM,CPSS,EZPW,V,MFIN,OMF,MA,BBDC,SLMBP,AGM,NNI,LU,ATLCP,GDOT,ALLY,IX,YRD,PT,LPRO,CACC,NISN,WRLD,FCFS,PRAA,GSBD,OCSL,WU,SNTG,NAVI,LMFA"
12,Electronic Components,Technology,114.44,93,84,69,83,"NEON,LPTH,CLS,OUST,TTMI,KOPN,LINK,PLXS,FLEX,VICR,BHE,LYTS,RELL,GLW,SANM,JBL,OSIS,APH,BELFB,CTS,BELFA,REFR,FN,LGL,MEI,DSWL,DAIO,ELTK,TEL,CPSH,LFUS,ROG,NSYS,IMTE,SGMA,WBX"
13,Advertising Agencies,Communication Services,114.43,92,45,58,70,"ICLK,INUV,WIMI,MGNI,QNST,NCMI,MCHX,BAOS,CRTO,XNET,DLX,WPP,TSQ,EEX,CPOP,OMC,IPG,CCO,CMPR,ADV,FLNT,CNET"
14,Engineering & Construction,Industrials,114.39,91,97,98,98,"AGX,PRIM,LMB,IESC,ROAD,STRL,MTZ,FIX,TPC,GVA,EME,WLDN,GLDD,PWR,ORN,MYRG,JCI,DY,FLR,MTRX,ACM,J,APG,BBCP,RCMT,TTEK,STN,AMRC,KBR,BLD,NVEE"
15,Insurance—Reinsurance,Financial Services,113.85,91,93,83,96,"OXBR,SPNT,RGA,GLRE,RNR,MHLD"
16,Insurance—Property & Casualty,Financial Services,113.62,90,95,87,92,"KINS,ROOT,LMND,UFCS,HRTG,AXS,PLMR,MCY,PRA,CINF,KMPR,THG,HMN,GBLI,PGR,WTM,DGICA,TRV,MKL,L,RLI,DGICB,HCI,CNA,UVE,WRB,CNFR,NMIH,NODK,SAFT,CB,STC,KNSL,SIGIP,SIGI"
17,Software—Application,Technology,111.44,90,87,37,32,"CRNC,KC,INTZ,MSTR,DUOT,PRCH,MTC,OPFI,BMTX,DSP,BCOV,QH,MYSZ,QTWO,OLO,INTA,UPLD,JG,KARO,PAR,PEGA,RDVT,DOCU,SRAD,MTTR,VERX,LPSN,MAPS,BILL,MTLS,COIN,SHOP,CVLT,WK,COMP,NOW,TEAM,FICO,TTD,YMM,BLND,RIOT,ZM,IBEX,PHUN,SAP,PCTY,GWRE,HUBS,IDN,ZETA,DSGX,CRM,SMAR,TYL,YOU,PAYC,PCOR,SNOW,DDOG,WFCF,ASUR,SSNC,DBD,RNG,FRSH,AZPN,PRGS,BTBT,EGHT,GLOB,RMNI,MANH,MGIC,IMMR,DT,ESTC,MRIN,EGAN,CDNS,NCNO,U,LYFT,NRDY,MITK,MNDO,FSLY,ONTF,PTC,MNDY,INTU,WDAY,DCBO,SNCR,OCFT,LSPD,SSTI,CALX,RSKD,BSY,NTWK,BLKB,BIGC,CXM,FROG,CLSK,BMBL,UBER,RPD,EB,NICE,AWRE,PD,PUBM,MOGO,DOMO,ZDGE,PLUS,PRO,PDFS,DV,ZI,SEMR,IFBD,SPT,SMRT,OTEX,YALA,JAMF,SPNS,VTEX,SMSI,OBLG,CREX,FTFT,PALT,OLB,JFU,AUUD,VERB,LAZR"
18,Publishing,Communication Services,111.42,89,88,83,88,"DALN,GCI,LEE,DJCO,PSO,NYT,RELX,EDUC,SCHL"
19,Airlines,Industrials,110.89,88,83,41,18,"UAL,ALGT,ALK,SKYW,AAL,ULCC,DAL,SNCY,JBLU,LUV,MESA,VLRS,RYAAY,CPA,AZUL"
20,Rental & Leasing Services,Industrials,110.04,88,96,93,70,"WLFC,FTAI,R,HRI,FPAY,GATX,PRG,CTOS,AL,URI,MGRC,UHAL,HEES,WSC,ALTG,CAR"
21,Specialty Business Services,Industrials,110.02,87,91,48,65,"AGFY,KODK,TISI,QUAD,BV,RBA,CBZ,ABM,CPRT,SGRP,FA,CTAS,GPN,UNF,CASS,ACTG,CVEO,MMS,PAYS,DLHC,DSS,OMEX,EJH"
22,Aerospace & Defense,Industrials,109.47,87,79,71,62,"RKLB,RDW,BYRN,TATT,AXON,CVU,ERJ,TGI,ESLT,KTOS,MRCY,NPK,ISSC,CAE,VSEC,CODA,BWXT,DCO,RTX,WWD,HEI,TDG,PKE,SPR,SIF,AIRI,AVAV,NOC,HXL,AIR,LMT,IVAC,BA,LHX,GD,EH,DPRO,TXT,VTSI,ATRO,POWWP,RGR,ASTC,SWBI,POWW,HII,SPCE,UAVS"
23,Information Technology Services,Technology,109.13,86,81,62,68,"INOD,PRTH,GDS,AFRM,VNET,PAY,GDYN,DMRC,WYY,RSSS,GB,AI,TASK,CSPI,EXLS,CTLP,HCKT,G,UIS,DNB,DTST,IBM,INFY,CNDT,FORTY,BR,FLYW,CLPS,FIS,IIIV,SABR,USIO,LDOS,ACN,CTSH,EPAM,SNX,IMXI,RAMP,IT,GIB,CACI,PSFE,JKHY,DLB,DXC,III,TLS,WNS,TDC,SAIC,ISDR,CDW,CNXC,NSIT,CLVT,NABL,XRX,TTEC,WIT"
24,Other Industrial Metals & Mining,Basic Materials,108.72,85,69,26,13,"UAMY,TMQ,NAK,WWR,USAS,MP,SLI,EMX,TMC,NMG,LGO,NEXA,TGB,LAC,FURY,RIO,XPL,TECK,MTRN,WRN,CMP,BHP,GSM,PLL,VALE,CHNR"
25,Computer Hardware,Technology,108.66,85,82,22,67,"IONQ,CAN,OSS,DAKT,ANET,PSTG,SCKT,DELL,NTAP,CRCT,HPQ,NNDM,WDC,SSYS,DDD,STX,LOGI,KTCC,EBON,TACT,INVE,ALOT,CRSR,SMCI,DM"
26,Pollution & Treatment Controls,Industrials,107.69,83,89,53,7,"PCT,CLIR,PCTTU,TOMZ,FSS,FTEK,ERII,CLWT,LIQT"
27,Leisure,Consumer Cyclical,107.69,83,80,46,30,"PTON,AOUT,PLBY,FNKO,CUK,PLNT,OSW,LTH,JAKK,GOLF,FUN,XPOF,ESCA,MANU,MAT,HAS,POOL,YETI,JOUT,CLAR,SPWH,BC"
28,Tobacco,Consumer Defensive,107.4,83,74,51,25,"TPB,MO,RLX,PM,BTI,UVV,KAVL"
29,Railroads,Industrials,107.03,82,90,99,48,"RAIL,GBX,FSTR,TRN,WAB,NSC,UNP,CSX,CP,CNI"
30,Telecom Services,Communication Services,106.67,82,72,90,76,"ASTS,LUMN,TEO,VEON,IDCC,TDS,GSAT,OOMA,CXDO,USM,IDT,RBBN,RDCM,FYBR,UCL,T,TMUS,KT,CCOI,TKC,SPOK,TIGO,VATE,GOGO,IRDM,ATUS,CABO,VZ,SKM,CHT,VOD,TEF,SIFY,PHI,TU,ATEX,TLK,AMX,ANTE,SHEN,VIV,RCI,LILA,LILAK,TIMB,BCE,ATNI"
31,Food Distribution,Consumer Defensive,105.62,81,68,68,20,"UNFI,WILC,CHEF,USFD,PFGC,SYY,HFFG,SPTN,DIT,ANDE"
32,Banks—Regional,Financial Services,105.28,80,87,77,77,"SUPV,BBAR,GGAL,BMA,CCB,VBFC,OPOF,ESQ,NBN,OPBK,BSVN,UNTY,HTLF,PWOD,EBTC,IROQ,FHN,SYBT,FUNC,EVBN,NRIM,PDLB,HWBK,DCOM,CFFI,HAFC,FSFG,PNFP,SNV,BMRC,FISI,CZWI,SBFG,HIFS,BANR,FXNC,MCB,NECB,TMP,FBMS,COFS,TBBK,LARK,UBFO,SHBI,CIVB,CASH,EFSC,UVSP,BSRR,BOTJ,SMBK,ISTR,FCCO,UMBF,SASR,FCNCA,FBK,HFWA,BLX,IBCP,WTFC,BANF,BKU,ONB,GBCI,CFR,RBCAA,MTB,FUSB,AX,QCRH,CFG,CPF,SFBS,PBHC,ZION,PGC,CBNK,BRKL,MFG,MCBS,PLBC,MRBK,RVSB,CFBK,CBU,WAL,SFBC,CBAN,MGYR,CCBG,FMAO,HBAN,COLB,ORRF,WTBA,CVBF,BCOW,BY,WBS,BCML,IFS,CAC,PRK,OSBC,HBNC,FULT,NBTB,TRMK,VBTX,BRBS,EBC,PNC,CTBI,PFC,CADE,SPFI,CATY,TCBI,FSBC,PROV,FBNC,PCB,FHB,INDB,MPB,SFST,PFS,FSEA,HWC,MOFG,CBSH,BHLB,BOH,HBCP,CBFV,THFF,FFBC,EQBK,CARE,AUBN,FBIZ,BFC,FIBK,INBK,RNST,HTBI,CMA,BOKF,CCNE,SMBC,USB,BANC,PFIS,WSFS,BYFC,WNEB,PB,KEY,EGBN,FRME,PFBC,TOWN,VLYPP,FULTP,SFNC,RF,SSB,PEBK,BFIN,TFC,FFIN,HOMB,FITB,RBKB,FCF,CNOBP,IBOC,GLBZ,NBHC,RMBI,WSBC,BWFG,WASH,MBWM,GABC,UNB,TCBK,VLY,TRST,NFBK,NWBI,LKFN,FCBC,PBFS,LSBK,OCFC,FFNW,CCNEP,OFG,CHCO,BFST,FFIC,BAP,DCOMP,PKBK,BHB,HBANM,GNTY,DB,PVBC,FSBW,GSBC,STBA,ESSA,MNSBP,TSBK,PEBO,OVLY,UBSI,MYFW,OPHC,CNOB,FNLC,HBT,PBBK,VLYPO,MBNKP,AUB,FNB,OBT,IBN,FVCB,SBCF,VABK,CFFN,SRCE,WTFCM,TECTP,WABC,KB,HOPE,BPOP,MBCN,BWBBP,RRBI,CARV,FMBH,KRNY,FCAP,CHMG,WSBCP,PNFPP,FLIC,HONE,PPBI,WAFD,BWB,OCFCP,SBSI,ASRV,FMNB,FITBP,OVBC,FCNCP,HTLFP,FITBI,FGBI,RBB,HTBK,UBCP,WTFCP,BCBP,HFBL,EBMT,LCNB,FRAF,MSBI,CFB,MVBF,CWBC,FGBIP,OZK,FBP,BPRN,FRST,TCBIO,CZNC,CUBI,HDB,WSBF,FRBA,BSBK,MBINN,TFSL,NWFL,CIB,FDBC,TBNK,FITBO,BLFY,AVAL,WF,SBT,LYG,BUSE,WMPN,GCBC,BCH,BSAC,CLBK,MNSB,SHG,SSBI,NKSH,LOB,FFWM,HTH,FNWB,ATLO,MBIN,HMST,KFFB,PNBK,ITUB,BBDO,BSBR,BBD"
33,Security & Protection Services,Industrials,105.07,80,46,34,52,"SNT,SPCB,UUU,BKYI,NL,REZI,BRC,EVLV,ADT,VRME,CIX,ALLE,MG,ARLO,VRRM,BCO,MSA,NSSC,DGLY"
34,Scientific & Technical Instruments,Technology,104.92,79,35,20,22,"FCUV,MIND,COHR,FARO,GRMN,ELSE,MLAB,TRMB,ITRI,ESE,WRAP,TDY,KEYS,GNSS,MVIS,VNT,FTV,MKSI,SOTK,NOVT,CGNX,WATT,VPG,ST,ZEPP,LUNA"
35,Semiconductors,Technology,104.26,79,48,20,74,"WKEY,AAOI,SMTC,SITM,MRVL,SKYT,SQNS,NVDA,AVGO,CEVA,TSM,TSEM,MTSI,HIMX,AOSL,EMKR,VLN,MXL,QUIK,NVEC,RMBS,SLAB,GSIT,TXN,ADI,ASX,LEDS,INTT,CRUS,MRAM,ONTO,QCOM,FORM,ALGM,SYNA,LSCC,LASR,DIOD,POWI,NXPI,SWKS,ON,MU,WISA,VSH,PXLW,AMKR,MPWR,SIMO,UMC,MX,AMD,IMOS,MCHP,STM,INTC,QRVO,WOLF"
36,Grocery Stores,Consumer Defensive,104.16,78,86,70,59,"NGVC,DDL,SFM,CASY,KR,VLGEA,WMK,ACI,ARKO,IMKTA,DNUT,GO,ASAI"
37,Building Materials,Basic Materials,103.79,77,90,64,46,"USLM,LOMA,MDU,SUM,SMID,CRH,VMC,EXP,CPAC,MLM,JHX,CX,RETO"
38,Paper & Paper Products,Basic Materials,103.68,77,14,19,41,"ITP,SLVM,SUZ,CLW,MERC"
39,Gambling,Consumer Cyclical,103.01,76,70,70,51,"RSI,GAMB,EVRI,GAN,AGS,CPHC,CHDN,ACEL,DKNG,IGT,SBET"
40,Medical Instruments & Supplies,Healthcare,102.92,75,49,33,26,"PDEX,NVCR,MBOT,WRBY,PLSE,OMIC,KRMD,ANGO,GKOS,MASI,BLFS,MLSS,ISRG,ICUI,LMAT,ATRC,POAI,NYXH,RMD,MMSI,STXS,IRTC,STVN,INFU,RGEN,WST,NURO,NVST,HAE,BDX,FEMY,ALC,HOLX,COO,DXR,UTMD,RVP,AKYA,BAX,TFX,NEPH,OSUR,HBIO,XRAY,STAA,EKSO"
41,Banks—Diversified,Financial Services,102.49,75,75,76,89,"NWG,BCS,WFC,EWBC,JPM,CM,SMFG,C,BAC,HSBC,MUFG,NTB,RY,BNS,BMO,UBS,SAN,BBVA,ING,TD"
42,Utilities—Regulated Electric,Utilities,102.45,74,64,72,40,"EDN,PAM,CEPU,ETR,KEN,VIASP,OGE,IDA,XEL,PCG,PPL,EVRG,LNT,WEC,PNW,CNP,DTE,D,CMS,EIX,SO,DUK,FE,FTS,NEE,ENIC,POR,ES,ED,NGG,KEP,GNE,EBR"
43,Insurance—Specialty,Financial Services,102.36,74,85,80,79,"TRUP,MBI,ITIC,ICCH,EIG,TIPT,RYAN,FNF,MTG,FAF,RDN,JRVR"
44,Education & Training Services,Consumer Defensive,102.2,73,50,59,74,"AMBO,SKIL,COE,UTI,APEI,LRN,ATGE,LINC,PRDO,LXEH,LAUR,LOPE,GHC,EEIQ,FEDU,EDTK,STRA,AACG,BEDU,COUR,TAL,WAFU,AFYA,IH,EDU,VSTA,STG,YQ,CHGG,GOTU"
45,Luxury Goods,Consumer Cyclical,101.22,72,61,36,9,"MYTE,TPR,FOSL,MOV,SIG,CTHR,BGI"
46,Financial Data & Stock Exchanges,Financial Services,100.25,72,59,75,58,"VALU,NDAQ,CME,MCO,MORN,MSCI,SPGI,FDS,ICE,CBOE"
47,Specialty Retail,Consumer Cyclical,99.99,71,59,35,55,"REAL,HNST,GME,BBW,SFIX,BARK,ELA,WSM,RH,MNSO,KAR,WOOF,EVGO,DKS,MUSA,AZO,ORLY,WINA,BBWI,ULTA,LE,YSG,TSCO,BBY,ASO,AAP,FLWS,SBH,HZO,GPC,BQ,FIVE,BWMX,EYE,KIRK,BNED,CHPT,BGFV,BLNK,ODP,NVVE,LIVE"
48,Apparel Manufacturing,Consumer Cyclical,99.87,70,43,66,40,"VNCE,HBI,RL,LAKE,KTB,VFC,GIL,JRSH,UAA,COLM,SGC,UA,PVH,FIGS,LEVI,OXM,GOOS,XELB,CPRI"
49,Insurance—Life,Financial Services,99.78,70,69,81,69,"CIA,UNM,CNO,MFC,PRI,MET,LNC,GL,GNW,PRU,BHF,BHFAN,BHFAO,BHFAP,PUK"
50,Medical Devices,Healthcare,99.74,69,33,7,15,"BSGM,BFLY,ECOR,CLPT,LNSR,DCTH,SMLR,ELMD,RBOT,AXGN,MYO,SRTS,PRCT,VVOS,MDXG,NPCE,BWAY,GMED,PODD,NNOX,INGN,AEMD,TCMD,BSX,OFIX,IRMD,PEN,RCEL,OM,ITGR,ESTA,ATEC,SRDX,APYX,TMCI,SYK,INSP,NARI,VMD,ABT,BIO,AHCO,OWLT,TNDM,VREX,ARAY,PROF,EW,MDT,INMD,IART,ZBH,SIBN,STE,CNMD,QIPT,LIVN,SNN,NAOV,LUCD,MOVE,CTSO,SSKN,ZYXI,FONR,NMTC,BRKR,IRIX,LUNG,KIDS,NVNO,QTRX,ALGN,IINN,SINT,TELA,AVNS,RXST,VERO,XTNT,HSDT,ANIK,TMDX,EDAP,RSLS,SGHT,XAIR,AVGR,NVRO,MASS,PAVM,NUWE,CUTR"
51,Internet Content & Information,Communication Services,99.65,69,74,56,59,"CANG,SMWB,TWLO,DOYU,DAO,SPOT,UXIN,DASH,FVRR,CARG,GENI,Z,ZG,CMCM,GOOGL,GOOG,GAIA,IZEA,YY,EVER,TRVG,MOMO,JFIN,TRUE,GRPN,FENG,YELP,WB,SOHU,ABNB,SNAP,ATHM,MTCH,LZ,TME,NTES,PINS,IAC,SSTK,ZH,THRY,PERI,BIDU,MAX,ANGI,CDLX,TTGT,SCOR,LKCO,IQ,TC,KRKR"
52,Software—Infrastructure,Technology,99.6,68,53,33,31,"PLTR,CLBT,AVPT,BLIN,STEM,TOST,WIX,OSPN,GDDY,FTNT,BB,OPRA,FOUR,ZENV,NET,SQ,ATEN,CYBR,FFIV,CGNT,CFLT,ORCL,DBX,SWI,CRWD,PANW,SCWX,RDWR,ZUO,REKR,BOX,BL,VERI,VHC,CSGS,VRSN,NTNX,EVCM,NTCT,YEXT,CHKP,BAND,MSFT,EEFT,RXT,SPSC,VRNT,FIVN,S,DOX,ZS,TUYA,QLYS,DAVA,EVTC,OKTA,DOCN,SNPS,TENB,VRNS,RPAY,BASE,PATH,WEX,MDB,TCX,DTSS,TIXT,MQ,ETWO,KPLT,PAGS,STNE,TAOP,SOS,CETX"
53,Thermal Coal,Energy,99.41,67,78,41,77,"HNRG,ARLP,NRP,CEIX,NC,ARCH,BTU"
54,Utilities—Regulated Water,Utilities,99.24,67,60,49,66,"ARIS,CDZI,CDZIP,PCYO,ZWS,AWR,CWCO,WTRG,GWRS,AWK,MSEX,CWT,YORW,SBS,SJW"
55,REIT—Specialty,Real Estate,99.16,66,82,91,57,"CXW,PW,FPI,IRM,EQIX,UNIT,OUT,LAMR,GLPI,HASI,PCH,RYN,SBAC,WY,CCI"
56,REITâ€”Retail,Real Estate,99.16,66,75,93,83,"AKR,ADC,ALX"
57,Insurance—Diversified,Financial Services,99.1,65,73,64,51,"IGIC,GSHD,EQH,ORI,SLF,HIG,ESGR,FGFPP,WDH,ESGRP,PFG,ESGRO,FGF"
58,Packaged Foods,Consumer Defensive,99.04,64,66,67,54,"LSF,LFVN,JVA,SENEB,PLAG,SENEA,STKL,LWAY,PPC,BRBR,K,FRPT,INGR,SMPL,BRFS,BRID,POST,CENT,MKC,CENTA,HRL,CVGW,LANC,CAG,JJSF,PETZ,SJM,GIS,LEXX,CPB,NOMD,FLO,JBSS,THS,UTZ,KHC,DAR,LW,BGS,NAII,HLF,HAIN,BTTR,FARM,FAMI,BYND,SNAX"
59,Healthcare Plans,Healthcare,98.99,64,57,97,71,"CLOV,ALHC,MPLN,OSCR,UNH,MOH,HUM,CNC,CI,CVS"
60,Utilitiesâ€”Regulated Electric,Utilities,98.7,63,54,82,39,"AEE,AEP"
61,Apparel Retail,Consumer Cyclical,98.68,62,46,38,85,"VSCO,GCO,ONON,URBN,BOOT,BKE,BURL,CURV,ANF,CTRN,LULU,TJX,GIII,ROST,JILL,ZUMZ,PLCE,SCVL,DXLG,TLYS,CRI,AEO,CATO,DLTH,DBI,GES"
62,Oil & Gas Midstream,Energy,98.65,62,58,77,82,"DLNG,DTM,TRGP,GLNG,KMI,ALTM,WMB,ET,LNG,VNOM,OKE,MPLX,TRP,ENB,CQP,WES,EPD,HESM,AM,MMLP,GLP,SGU,ENLC,DKL,PAGP,PAA,BROG,PBA,NVGS,FLNG,DHT,TK,GEL,STNG,TNK,LPG,TRMD,FRO"
63,Personal Services,Consumer Cyclical,98.63,61,79,65,59,"RGS,FTDR,CSV,WW,SCI,EM,HRB,ROL,BFAM,MED,MRM"
64,Metal Fabrication,Industrials,98.27,61,66,52,37,"CRS,AP,MLI,NWPX,PRLB,VMI,HIHO,ATI,MEC,WOR,IIIN,RYI,SGBX"
65,REIT—Healthcare Facilities,Real Estate,98.07,60,65,84,87,"GEO,WELL,OHI,VTR,SBRA,NHI,CTRE,LTC,DOC,HR,CHCT,UHT,MPW,GMRE,DHC"
66,Insuranceâ€”Property & Casualty,Financial Services,97.98,59,67,82,79,"ALL,AFG"
67,Specialty Industrial Machinery,Industrials,97.79,59,77,72,81,"GHM,AMSC,KRNT,HWM,GTLS,GTES,CSWI,MWA,CW,LXFR,FLS,CMI,PNR,B,MMM,TT,LII,KAI,PH,EMR,GE,SXI,CVV,SPXC,ETN,GNRC,HON,EPAC,NPO,CR,PSN,DOV,ITT,AME,ROK,WTS,RRX,CYD,HURC,IR,GRC,ITW,GGG,MIDD,THR,IEX,HLIO,FELE,DCI,TRS,GTEC,OTIS,ROP,XYL,TAYD,BWEN,HI,TNC,BLDP,TWIN,NDSN,AOS,OFLX,TPIC"
68,Insuranceâ€”Specialty,Financial Services,97.77,58,58,46,42,"AIZ,AMSF,AGO,ACT,AMBC"
69,Oil & Gas Integrated,Energy,97.48,58,40,31,34,"YPF,TGS,SLNG,AE,NFG,CVX,SU,XOM,PBR,EQNR,IMO,BP,E,CVE,TTE,EC,SSL"
70,Semiconductor Equipment & Materials,Technology,97.26,57,16,9,90,"ATOM,AMBA,AEHR,NVMI,XPER,TER,ASYS,TRT,KLIC,CAMT,ICHR,DQ,UCTT,KLAC,COHU,PLAB,LRCX,IPGP,AMAT,ENTG,ASML,AXTI,VECO,OLED,ACMR,ACLS"
71,Utilities—Regulated Gas,Utilities,97.25,56,51,42,36,"NI,UGI,SR,ATO,CPK,BIPC,NJR,NWN,OGS,SWX,SPH,RGCO,NFE"
72,REIT—Residential,Real Estate,97.16,56,52,66,58,"IRT,UMH,NXRT,MAA,AVB,CPT,ESS,UDR,EQR,BRT,ELS,SUI,INVH"
73,Uranium,Energy,97.1,55,91,24,72,"LEU,UEC,CCJ,DNN,NXE,UUUU,UROY,URG"
74,Restaurants,Consumer Cyclical,96.85,54,38,24,9,"WNW,EAT,BH,SHAK,CAKE,KRUS,RICK,RAVE,DRI,TXRH,ARKR,ARMK,YUMC,CMG,CBRL,PBPB,NATH,BJRI,CNNE,LOCO,MCD,SBUX,FAT,YUM,DPZ,GTIM,RRGB,BDL,WEN,QSR,FATBB,FATBP,DENN,DIN,WING,PZZA,JACK,ARCO,PLAY,STKS,BLMN,NDLS"
75,Electronic Gaming & Multimedia,Communication Services,96.57,54,41,11,23,"NCTY,SE,VS,RBLX,TTWO,GIGM,BILI,EA,MYPS,PLTK,INSE,GRVY,SKLZ,GAME,MSGM,GDEV,BRAG,BHAT"
76,Airports & Air Services,Industrials,96.44,53,51,24,38,"BLDE,CAAP,AER,PAC,ASLE,OMAB,ASR"
77,Medical Distribution,Healthcare,95.83,53,24,14,11,"PDCO,PBH,MCK,CAH,HSIC,GEG,OMI"
78,Conglomerates,Industrials,95.76,52,62,40,33,"IRS,CRESY,BBU,SPLP,MATW,CODI,TRC,IGC,NNBR,SEB,IEP"
79,Banksâ€”Regional,Financial Services,95.72,51,80,74,94,"AMAL,ABCB,ASB,AROW,ACNB,AMTB,AFBI,ALRS"
80,Household & Personal Products,Consumer Defensive,95.4,51,85,45,33,"DOGZ,MTEX,HIMS,NWL,CLX,IPAR,UL,CHD,PG,UG,KMB,CL,SPB,NATR,ELF,EPC,ACU,USNA,SKIN,NUS,HELE,EWCZ,COTY,EL,TANH"
81,Integrated Freight & Logistics,Industrials,95.39,50,39,28,17,"ATSG,XPO,CHRW,RLGT,FWRD,HUBG,AIRTP,FDX,JBHT,AIRT,LSTR,EXPD,CYRX,UPS,ZTO"
82,Lodging,Consumer Cyclical,95.24,49,56,51,29,"WH,IHG,CHH,HLT,MAR,H,HTHT,GHG,INTG"
83,Internet Retail,Consumer Cyclical,94.88,49,63,80,93,"CVNA,RVLV,JWEL,LQDT,HEPS,CHWY,GLBE,AKA,TDUP,RERE,AMZN,EBAY,CPNG,JD,MELI,IPW,MOGU,BABA,BZUN,QRTEP,ETSY,OCG,PRTS,VIPS,W,NHTC,DIBS,JMIA,PDD,QRTEB,DADA,YJ,NEGG,QRTEA,LITB"
84,Asset Management,Financial Services,94.81,48,41,62,66,"RAND,HNNA,VCTR,SSSS,APO,KKR,STEP,RCG,GLAD,OWL,BX,KYN,ARES,BAM,JHG,GCMG,MAIN,TYG,BK,JXN,STT,SUNS,CRF,CLM,BTO,AMP,SEIC,BLK,EMO,NTRS,FHI,EOS,CG,NML,DPG,FSK,NOM,ECF,SRV,AB,SPE,CNS,FGB,BANX,UTG,SAMG,QQQX,EOI,FDUS,ETY,CEE,MCI,BCV,BCSF,CGBD,BRW,SPXX,AMG,ASA,BGH,HLNE,JCE,CCD,CCAP,SLRC,TWN,ETB,STK,NIE,JPC,MPV,CSQ,HTD,ETV,RVT,SAR,ARCC,ERH,JRS,GCV,TRIN,GECC,ETJ,SCD,VCV,DHF,RMT,NCV,HYB,FFA,NPV,PFX,CHI,NCZ,PDT,CUBA,MSD,CGO,IIF,GOF,GHY,IGD,FOF,HNW,JFR,IGA,DIAX,FLC,PFO,OCCI,ISD,BXMX,GAB,BST,FRA,FFC,CHY,NMS,FT,JQC,LRFC,SOR,GDV,AVK,DHY,ASG,PFD,ARDC,BSL,CII,JHI,SCM,ACV,BGX,EOD,FCO,GLQ,FCT,FTF,NRO,DFP,CET,SII,BGB,EAD,IVZ,CHW,VLT,ETW,NFJ,EMD,OXLC,NMT,INSI,BOE,DNP,GLU,PHT,EFT,JLS,TROW,TSLX,PFN,PHD,UTF,USA,EVT,GLO,BUI,PNNT,RA,EFR,HIO,JRI,EGF,BGT,NAZ,ETO,BLW,NEWT,AOD,MHI,PTY,AGD,OXLCP,LDP,TSI,EVV,GAM,CMU,BDJ,DSL,ECCC,PFL,PCF,AWF,OCCIO,RIV,DMO,NKX,EXG,FPF,HYT,CXH,NMZ,DSU,CIF,OXLCO,GBDC,JGH,PHK,PGP,NAN,DTF,CHN,NAD,DMF,JPI,TY,VGI,OPP,GDL,PCN,MAV,DBL,HYI,JHS,HEQ,VVR,PGZ,KTF,NEA,PIM,EVF,JOF,ETG,NXP,VKQ,EVG,RGT,NAC,ADX,CION,NZF,KIO,MCR,MHF,TEAF,DHIL,MUI,VKI,PPT,VGM,GGZ,MMT,NOAH,EIM,APAM,NVG,PSF,IQI,GRF,HPI,EDF,MIN,GLV,WEA,ENX,GUT,PAI,BTZ,IIM,MFM,AEF,MVF,TPVG,IDE,AWP,MMU,CXE,BIT,LGI,PDI,VMO,IAE,BGR,ERC,CIK,NXJ,RQI,EVM,RNP,SBI,MUE,JMM,LEO,FMY,NUV,ICMB,WIA,EVN,VRTS,VPV,EHI,BWG,HPF,NMI,IAF,MPA,PMO,BGY,GAIN,ECC,BLE,FUND,RFI,DSM,IHD,NUW,MGF,TEI,GRX,RMM,HIX,EOT,MCN,BBN,PMM,MHD,NHS,DMB,MVT,MHN,BHV,ETX,GGN,TCPC,NRK,EDD,MYI,NBH,VFL,AFB,MIY,BKT,BTT,VTN,HPS,BFK,EMF,MUA,NXN,PFLT,WIW,GNT,NIM,PCK,NNY,MYN,BNY,MUJ,TURN,BTA,HQL,NTRSO,NXC,MQT,PYN,TDF,PNI,MYD,NBB,VBF,MUC,NMFC,CEV,HQH,JEQ,PCQ,BFZ,ACP,BHK,IGI,PMX,BYM,OFS,PMF,PNF,PEO,NQP,THQ,GBAB,NCA,VINP,BCX,CAF,MQY,PML,GGT,FMN,BME,BUR,SWZ,IGR,SWKH,GDO,BKN,PZC,GROW,OIA,MMD,EEA,FAX,CSWC,OXSQ,PAX,THW,GF,BEN,WHF,RCS,IFN,HFRO,PCM,EQS,HRZN,PSEC,MXE,KF,MXF,LGHL"
85,Business Equipment & Supplies,Industrials,94.78,48,71,74,91,"PBI,EBF,HNI,ACCO,SCS,AVY"
86,REITâ€”Residential,Real Estate,94.54,47,25,43,49,"AIV,AMH"
87,Other Precious Metals & Mining,Basic Materials,94.53,46,83,88,96,"PPTA,GATO,SILV,ASM,ITRG,PLG,MUX,HYMC,GROY,MTA,NEWP,BVN"
88,REITâ€”Diversified,Real Estate,94.06,46,48,63,64,"AAT,ALEX,AHH"
89,Shell Companies,Financial Services,93.75,45,1,6,1,"NXU,CLBR,WINV,KORE,HYAC,MTAL,WALD,SWAG"
90,Oil & Gas Equipment & Services,Energy,93.64,45,42,17,28,"FTK,NCSM,RNGR,PFIE,WTTR,NGS,AROC,FTI,GIFI,BKR,PUMP,VTOL,WHD,TS,OII,SND,TH,MRC,NOA,USAC,LBRT,DNOW,TTI,CLB,OIS,MARPS,NESR,FET,GEOS,RES,DWSN,HLX,NINE,CHX,RCON,KLXE,HAL,NOV,NRT,TUSK,SLB,TDW,WFRD,VAL,XPRO,BOOM"
91,Auto Parts,Consumer Cyclical,93.54,44,20,10,19,"FRSX,HYLN,INVZ,SYPR,AEVA,WKSP,LIDR,STRT,ALSN,DORM,MLR,MOD,CAAS,MPAA,GTX,QS,PLOW,DAN,SMP,CPS,BWA,ALV,MGA,MNRO,GNTX,XPEL,LKQ,VC,GT,AXL,THRM,APTV,LEA,WPRT,TEN,SUP,ADNT,CVGI,KNDI,SRI"
92,Discount Stores,Consumer Defensive,93.51,43,38,38,75,"WMT,OLLI,COST,PSMT,BJ,TGT,DLTR,DG"
93,REITâ€”Mortgage,Real Estate,93.48,43,30,45,69,"ACR,AGNCP,AGNCN,AGNCO,AGNCM,ARR,AGNC,ABR,ARI,AOMR,ACRE"
94,Industrial Distribution,Industrials,93.03,42,67,37,35,"DXPE,AIT,CNM,GWW,WCC,FAST,WSO,TRNS,PKOH,MSM,SITE,FERG,EVI,TITN,GIC"
95,REIT—Retail,Real Estate,92.96,41,33,56,38,"WHLRP,WHLRD,ROIC,MAC,SKT,SPG,BRX,WSR,KIM,REG,KRG,PECO,GTY,PINE,FRT,EPR,BFS,O,NNN,NTST,RPT,SRG,SITC,WHLR"
96,REIT—Diversified,Real Estate,92.89,41,45,67,49,"MDRRP,OLP,GOOD,CTO,UE,NREF,EPRT,FISK,MDRR,GOODN,GOODO,OGCP,ESBA,ESRT,BRSP,BRDG,VICI,SQFTP,BNL,SQFT,CLPR,WPC,LXP,SAFE,DBRG"
97,REIT—Office,Real Estate,92.55,40,32,60,61,"VNO,EQC,DEI,CUZ,DLR,SLG,BDN,PDM,KRC,HIW,BXP,NYC,CIO,PGRE,COR,FSP,GNL,JBGS,PSTL,DEA,HPP,OPI,CMCT"
98,Entertainment,Communication Services,92.48,40,34,32,22,"MCS,CNK,IMAX,NFLX,LVO,LYV,LBRDK,LBRDA,EDR,CHTR,MSGS,DIS,RSVR,LBRDP,ROKU,WOW,RSVRW,WMG,MSGE,BATRA,BATRK,CMCSA,AMC,RDI,HUYA,RDIB,LBTYB,LBTYA,LBTYK,DLPN,KUKE,HOFV"
99,Department Stores,Consumer Cyclical,92.4,39,25,17,75,"DDS,JWN,M,KSS"
100,Silver,Basic Materials,92.35,38,88,92,98,"EXK,MAG,PAAS,FSM,AG,SVM"
101,Packaging & Containers,Consumer Cyclical,92.19,38,53,54,49,"PTVE,IP,PKG,KRT,PACK,BERY,ATR,SLGN,GEF,UFPT,SEE,GPK,CCK,REYN,AMCR,SON,AMBP,OI,MYE"
102,Real Estateâ€”Development,Real Estate,92.1,37,54,79,84,"AEI,ARL"
103,Real Estate Services,Real Estate,91.58,37,70,88,45,"LODE,AXR,CBRE,REAX,JLL,CWK,FSV,CIGI,NMRK,MMI,CSR,RMAX,GYRO,BPYPO,KW,BEKE,MAYS,FRPH,MLP,BPYPP,TCI,RDFN,GBR,EXPI,CSGP,RMR,DUO,OPEN,UK,FTHM,OPAD"
104,Footwear & Accessories,Consumer Cyclical,91.39,36,31,56,72,"WWW,DECK,WEYS,SKX,FORD,SHOO,CROX,FL,NKE,RCKY,CAL,VRA"
105,REIT—Mortgage,Real Estate,91.37,35,22,43,56,"TRTX,LFT,NYMTL,DX,LOAN,NYMTM,MITT,EARN,NYMTN,CIM,NLY,ORC,LADR,IVR,NYMT,STWD,SEVN,BXMT,RWT,KREF,TWO,MFA,PMT,RC,GPMT,CHMI,SACH"
106,Biotechnology,Healthcare,91.23,35,21,16,56,"XCUR,SRRK,CMRX,MESO,ALGS,QSI,DBVT,PULM,QURE,PSTX,SMMT,OMER,KOD,NTRBW,TARA,FBRX,ETON,ATHE,SGMO,CADL,AVXL,CMMB,IKT,CRVS,ELDN,ACRS,RZLT,VRNA,CDXC,WVE,ADMA,CDTX,CAPR,ENTX,TARS,BNTC,CSBR,TRVI,TVTX,CRDF,ARQT,VSTM,PRAX,PLX,ADPT,DSGN,CDXS,ATRA,CKPT,VYNE,VCYT,DMAC,ENSC,CDMO,CORT,TGTX,CNTA,CRMD,INSM,SRZN,TENX,EWTX,PTCT,IFRX,AKBA,TIL,XERS,UNCY,ITRM,VERA,DYAI,PRQR,MIST,ZYME,EXEL,ARGX,MDGL,RIGL,REPL,MGTX,SEER,JSPR,VCEL,ASMB,SLGL,VOR,AUPH,RYTM,IBIO,LPTX,ALDX,MNOV,MIRM,RNA,ACHL,XLO,LGND,LOGC,MNKD,COCP,KALA,ALLK,UTHR,ATAI,GANX,MNMD,CPRX,NRIX,NUVB,OCUL,ICCC,BCRX,FBIO,PTGX,GHRS,CYCN,ZLAB,XNCR,RVMD,STOK,KYMR,ITCI,CARA,CRNX,MDWD,OPT,NVAX,CHRS,NTRB,NRXP,AKRO,BNTX,VXRT,LPCN,GNPX,CVAC,INCY,VRDN,XTLB,RVPH,PHAR,NBIX,ALNY,JAZZ,APRE,XOMA,NNVC,NKTR,GOVX,SLNO,MREO,RFL,ALKS,HRMY,SLS,ABUS,AXSM,LIXT,SRPT,INBX,PLRX,PCVX,XOMAO,XOMAP,GERN,LQDA,ROIV,PGEN,ACAD,SWTX,TLSA,RXRX,PTN,VNDA,AVIR,TBPH,TECH,IKNA,GTBP,BEAM,XFOR,CUE,INVA,ASND,BBIO,VKTX,ORMP,XBIO,HALO,IMMP,ABEO,BIVI,TNXP,NUVL,PASG,XENE,MOLN,MCRB,ABCL,AGIO,KNSA,MRUS,FENC,COGT,VTVT,ANNX,GOSS,INM,ADIL,RGLS,KRYS,ALT,VERV,SNPX,FULC,BPMC,FGEN,VERU,RPRX,GLYC,ATNF,ETNB,PHVS,GLSI,DNLI,GLPG,CGTX,VRTX,KZR,TSHA,PMVP,ESPR,CERS,RCUS,FBIOP,ADXN,DARE,VTGN,ORIC,SIGA,BYSI,CYBN,APLS,DYN,KRON,TYRA,PBYI,AVTE,BHVN,MRKR,CLNN,DAWN,ACIU,MBRX,VIR,PRTC,EQ,CGEM,LTRN,KPTI,APM,GNFT,RARE,ONCY,ARTL,CANF,ARWR,ADAG,CGEN,FOLD,UBX,IVA,BMRN,IMNM,PRTG,OCGN,GLMD,ABSI,CTMX,CNTB,HCM,CERT,TERN,URGN,DNA,GMAB,SYBX,CLGN,IMRN,IONS,PMCB,PSTV,MEIP,ACHV,IOVA,LGVN,SNSE,CRBP,IPHA,SPRO,ABVC,OCX,IMVT,IMUX,KALV,SLRX,ATOS,CRSP,CYTK,ARDX,CLDX,HOTH,MRVI,SNGX,SCPH,CLLS,IDYA,ALLO,NERV,FHTX,SVRA,BPTH,VYGR,HRTX,EYPT,RLYB,PYPD,NVO,REGN,YMAB,IMCR,INMB,AMRN,ITOS,BOLT,ANEB,SNDX,CLSD,XBIT,BCYC,LEGN,ARVN,CCCC,ARMP,ARCT,OVID,ENVB,ABOS,ADCT,RVNC,AIM,ATHA,IGMS,AYTU,SPRB,CYCCP,MGNX,IMTX,PRTA,MIGI,VALN,LRMR,PHAT,ADAP,RGNX,ENLV,ACET,NAUT,IBRX,ALRN,ZNTL,BCDA,BCLI,RCKT,SAGE,ALVR,RLAY,PTIX,INZY,HEPA,INAB,TNYA,PPBT,HOWL,XRTX,ADVM,MRSN,AUTL,VIRX,MBIO,BDTX,IMAB,STTK,IPA,LCTX,ATXI,NXTC,CASI,ANAB,BLUE,INDP,NTLA,ALXO,PCSA,LVTX,AKTX,TTNP,PYXS,KZIA,RANI,CRIS,LYRA,NBTX,OLMA,MRNA,STRO,IPSC,RAPT,PRLD,ANVS,JAGX,PDSB,NKTX,FATE,PHGE,OMGA,KURA,GALT,NBY,GBIO,LXRX,OGEN,TPST,BCTX,DTIL,LYEL,ATNM,PHIO,ENTA,NCNA,BLRX,CNSP,EDSA,PALI,BTAI,AGEN,ALZN,GLTO,EVGN,BMEA,TNGX,FDMT,ACXP,ALEC,SLN,VRPX,APVO,APTO,QLGN,HOOK,CYCC,RPTX,CABA,SANA,OTLK,NLSP,BCAB,CVM,AFMD,KROS,EPIX,EDIT,INO,VRCA,CTXR,EVAX,VINC,MRNS,SONN,APLT,SAVA,EYEN,WINT,CLRB,RLMD,MTNB,UPC,SYRS,ADTX"
107,Waste Management,Industrials,90.74,34,27,32,48,"AWX,GFL,CWST,PESI,CLH,RSG,WCN,WM,QRHC,MEG,AQMS"
108,Utilities—Diversified,Utilities,90.64,33,28,50,29,"PEG,MGEE,SRE,NWE,BIP,BKH,EXC,AVA,UTL,CIG,HE,OTTR,MNTK,ELP"
109,"Furnishings, Fixtures & Appliances",Consumer Cyclical,90.58,33,55,40,61,"KEQU,FLXS,TILE,LZB,TPX,SNBR,WHR,LOVE,BSET,EFOI,MHK,NTZ,AMWD,LCUT,VIRC,HOFT,PRPL,LEG,NVFY"
110,Oil & Gas E&P,Energy,90.45,32,37,22,24,"PNRG,CRK,TPL,NEXT,USEG,CLMT,VIST,EQT,CNX,GPOR,REPX,AR,EPSN,PHX,GPRK,DMLP,RRC,GTE,KRP,SBR,HPK,MTDR,CTRA,PVL,NOG,EOG,CRC,EPM,BSM,MXC,PBT,MGY,INDO,HES,CKX,HUSA,OVV,FANG,SM,SD,VOC,PRT,AMPY,SJT,PED,VET,CNQ,MVO,COP,OXY,CRT,REI,TALO,APA,MUR,DVN,EGY,KOS,MTR,BRY,WTI,BRN,BATL"
111,Farm Products,Consumer Defensive,89.99,32,17,43,45,"CALM,VITL,SANW,FDP,AVO,LMNR,CHSCO,CHSCN,CHSCL,CHSCM,TSN,CHSCP,ALCO,VFF,AGRO,ADM,BG,LND,AQB,BHIL"
112,Consulting Services,Industrials,89.76,31,20,48,53,"CRAI,HURN,GRNQ,TRU,VRSK,TRI,EFX,FC,EXPO,BWMN,RGP,FCN,BAH,FORR,ICFI"
113,Real Estate—Diversified,Real Estate,89.74,30,64,95,64,"CHCI,NEN,STRS,JOE"
114,Auto & Truck Dealerships,Consumer Cyclical,89.62,30,40,13,10,"GPI,LAD,RUSHB,SAH,RUSHA,DRVN,KMX,AN,ABG,RMBL,CARS,KFS,PAG,CRMT,JZXN,KXIN"
115,Gold,Basic Materials,89.56,29,47,78,91,"ORLA,IAG,KGC,NGD,USAU,CDE,SSRM,AEM,AGI,OR,WPM,RGLD,SAND,FNV,EGO,AU,DRD,HMY,NG,GAU,VGZ,EQX,HL,GFI,CGAU,GLDG,BTG,GOLD,PZG,NEM,THM,SA,TRX,CMCL,SBSW,NFGC,GORO"
116,Electronics & Computer Distribution,Technology,88.93,29,29,61,43,"SCSC,AVT,CNXN,ARW,TAIT"
117,Textile Manufacturing,Consumer Cyclical,88.89,28,8,29,14,"CULP,AIN,UFI,CRWS"
118,Diagnostics & Research,Healthcare,88.75,27,11,35,25,"PSNL,NOTV,XGN,NTRA,BVS,GH,CDNA,RDNT,BNR,CSTL,SENS,TWST,SERA,NEO,OPK,LNTH,WAT,MXCT,QDEL,DGX,LH,ILMN,QGEN,STIM,CHEK,STRRP,A,SHC,PHG,MEDP,DHR,TMO,MTD,PACB,EXAS,PRPO,AXDX,BDSX,CRL,IQV,DXCM,CELC,FLGT,VNRX,IDXX,NEOG,ANIX,DRIO,BMRA,ICLR,NRC,ONVO,ENZ,CODX,MYGN,TRIB,AWH,STRR,BNGO,ME,NDRA,APDN,TTOO"
119,Confectioners,Consumer Defensive,88.43,27,19,9,4,"RMCF,TR,HSY,MDLZ"
120,REIT—Hotel & Motel,Real Estate,88.38,26,27,27,21,"IHT,BHR,SHO,FCPT,INN,XHR,DRH,RLJ,PK,CLDT,RHP,HST,SOHON,PEB,SOHOB,SOHOO,SOHO,SVC"
121,Broadcasting,Communication Services,88.18,25,29,16,17,"CURI,FOX,FOXA,FWONA,FWONK,TGNA,SBGI,IHRT,EVC,NWS,NWSA,NXST,AMCX,MDIA,FUBO,SJ,SSP,SIRI,UONE,SGA,UONEK,BBGI,GTN,TV,CMLS"
122,REITâ€”Specialty,Real Estate,88.1,25,32,90,82,"AFCG,AMT"
123,Building Products & Equipment,Industrials,88.01,24,61,85,90,"SWIM,PPIH,TGLS,AAON,LPX,AWI,BECN,AZEK,APOG,CARR,OC,APT,MAS,CSTE,GMS,CSL,BXC,TREX,SSD,BLDR,IBP,ROCK,NX,WMS,JBI,ASPN,JELD,AEHL"
124,Trucking,Industrials,87.98,24,37,18,24,"SNDR,ULH,CVLG,KNX,BEST,SAIA,WERN,TFII,HTLD,ODFL,MRTN,ARCB,YGMZ"
125,Resorts & Casinos,Consumer Cyclical,87.96,23,49,25,8,"PLYA,BALY,BYD,CNTY,MCRI,VAC,LVS,MTN,GDEN,HGV,PENN,FLL,WYNN,RRR,MGM,CZR,MLCO,MSC"
126,Agricultural Inputs,Basic Materials,87.92,22,12,12,16,"RKDA,ICL,UAN,CF,CTVA,IPI,SMG,NTR,MOS,FMC,SEED,BIOX,AVD,MGPI"
127,Tools & Accessories,Industrials,87.26,22,44,55,27,"SNA,GFF,KMT,CVR,EML,TTC,LECO,TKR,SWK"
128,Insuranceâ€”Diversified,Financial Services,86.77,21,23,61,73,"AEG,AIG,ACGLO,ACGLN,ACGL"
129,Staffing & Employment Services,Industrials,86.7,20,19,12,6,"MHH,UPWK,HSII,BBSI,STAF,CCRN,ADP,PAYX,KFY,HQI,RHI,KFRC,ASGN,DHX,TNET,TBI,NSP,HSON,MAN,BZ,KELYB,JOB,ZIP,KELYA,BGSF,IPDN"
130,Utilities—Renewable,Utilities,86.36,20,8,15,14,"ELLO,RNW,CWEN,BEPC,ORA,HTOO,BEP,NEP,CREG"
131,Medical Care Facilities,Healthcare,86.12,19,18,49,54,"ICCM,AVAH,MD,TALK,LFST,PNTG,CCEL,FMS,ADUS,DVA,HCSG,EHC,SEM,THC,SMTI,AMS,ENSG,NHC,USPH,UHS,AMED,JYNT,CHE,HCA,BKD,OPCH,CYH,RHE,INNV,SGRY,ACHC,OTRK,CMPS,CCM,MODV,AMN,AGL"
132,Drug Manufacturersâ€”General,Healthcare,85.86,19,13,69,80,"ABBV,AMGN"
133,Mortgage Finance,Financial Services,85.84,18,17,79,85,"IOR,COOP,MRCC,HTGC,EFC,VEL,PFSI,ECPG,TREE,ESNT,WD,GHLD,UWMC,LDI,RKT,CNF,ASPS"
134,Insuranceâ€”Life,Financial Services,85.76,17,12,59,20,"AFL,AAME"
135,Drug Manufacturersâ€”Specialty & Generic,Healthcare,85.6,17,35,95,80,"AMRX,AQST,ANIP,ACB,AMPH"
136,Lumber & Wood Production,Basic Materials,85.58,16,62,87,30,"WFG,UFPI,BCC"
137,Health Information Services,Healthcare,85.56,16,3,5,2,"HCTI,OMCL,ICAD,WORX,HQY,PHR,HSTM,PINC,PRVA,VEEV,STRM,HCAT,SDGR,TDOC,ZCMD,FORA,SOPH,SLP,PGNY,SY,AMWL,ACCD,GDRX,TXG,OPRX,EVH"
138,Drug Manufacturers—Specialty & Generic,Healthcare,85.4,15,7,14,35,"EBS,PRFX,HROW,CPIX,TEVA,THTX,PAHC,SUPN,KMDA,VTRS,DVAX,RMTI,RDY,IMCC,ORGO,OGI,ZOM,SNDL,YCBD,PRGO,TAK,BHC,DRRX,CRON,ZTS,EOLS,INCR,PCRX,PROC,SCYX,ELAN,ASRT,COLL,TXMD,RDUS,SNOA,PTPI,CPHI,FLGC,AVDL,TLRY,IRWD,EVOK,CYTH,SLDB,RDHL,CGC,SXTC,OPTN,PRPH,XXII"
139,Drug Manufacturers—General,Healthcare,84.6,14,11,38,43,"GILD,BMY,LLY,PFE,SNY,JNJ,NVS,AZN,OGN,GRFS,GSK,MRK,BIIB"
140,Farm & Heavy Construction Machinery,Industrials,84.18,14,30,11,12,"REVG,ARTW,DE,CAT,PCAR,CMCO,SHYF,ASTE,ALG,LNN,GENC,OSK,AGCO,HYFM,TEX,WNC,MTW,TWI,HY,UGRO,XOS"
141,Beverages—Non-Alcoholic,Consumer Defensive,83.84,13,10,30,41,"COKE,CCEP,MNST,KO,KDP,PEP,FIZZ,KOF,OTLY,CELH"
142,Pharmaceutical Retailers,Healthcare,83.6,12,15,6,3,"HITI,SSY,LFMDP,PETS,LFMD,WBA,CJJD,YI,GNLN"
143,Specialty Chemicals,Basic Materials,83.32,12,16,27,12,"GEVO,FSI,HWKN,ODC,TG,TSE,NTIC,RPM,SHW,ECL,ESI,BCPC,WDFC,AXTA,SXT,NGVT,CMT,ALTO,ECVT,CBT,NEU,LIN,DD,IOSP,AVTR,IFF,AVNT,SNES,PPG,KRO,FUL,ASH,ALB,KOP,KWR,SCL,WLK,OEC,LYB,CC,LWLG,OLN,HDSN,LOOP,GPRE,GURE,CNEY,CRKN"
144,Residential Construction,Consumer Cyclical,83.14,11,56,96,86,"CVCO,SKY,TMHC,TOL,NVR,LEGH,MHO,PHM,KBH,TPH,GRBK,MTH,DHI,BZH,LEN,LGIH,CCS,HOV,DFH"
145,Beverages—Wineries & Distilleries,Consumer Defensive,82.62,11,1,3,4,"EAST,WVVIP,DEO,STZ,WVVI"
146,REIT—Industrial,Real Estate,82.42,10,14,54,67,"SELF,LANDM,LANDO,MNR,PSA,FR,EXR,NSA,TRNO,EGP,CUBE,STAG,ILPT,PLD,COLD,LAND,REXR,PLYM,IIPR"
147,Aluminum,Basic Materials,81.25,9,95,21,96,"CENX,AA,KALU,CSTM"
148,Chemicals,Basic Materials,81.04,9,26,75,37,"RYAM,VHI,APD,MEOH,WLKP,FF,MTX,ASIX,LXU,EMN,SQM,HUN,DOW,TROX,BAK,CE"
149,Home Improvement Retail,Consumer Cyclical,80.51,8,9,23,11,"HD,TTSH,LOW,FND,GRWG,HVT,LESL"
150,Utilitiesâ€”Diversified,Utilities,79.99,8,6,52,47,"ALE,AES"
151,REITâ€”Hotel & Motel,Real Estate,79.72,7,9,1,0,"APLE,AHT"
152,Financial Conglomerates,Financial Services,78.73,6,5,0,32,"JEF,VOYA,RILYP,RILYL,RILY"
153,Real Estate—Development,Real Estate,78.16,6,35,85,27,"FPH,XIN,FOR,LSEA"
154,Steel,Basic Materials,77.93,5,22,19,16,"USAP,MSB,ZKIN,FRD,CMC,RS,STLD,SIM,MT,GGB,X,TX,NUE,ZEUS,HUDI,PKX,CLF,SID"
155,Beverages—Brewers,Consumer Defensive,77.42,4,4,8,6,"SAM,TAP,CCU,BUD,SBEV,FMX"
156,Copper,Basic Materials,76.73,4,43,73,95,"HBM,SCCO,FCX,ERO"
157,Recreational Vehicles,Consumer Cyclical,75.44,3,6,8,5,"REE,PATK,MCFT,MPX,MBUU,CWH,LCII,THO,HOG,WGO,DOOO,VEEE,PII,ONEW,FOXF,EZGO,VMAR"
158,Oil & Gas Drilling,Energy,74.67,3,3,4,19,"PDS,HP,PTEN,NBR,RIG,BORR"
159,Marine Shipping,Industrials,74.41,2,4,58,95,"ZIM,MATX,KEX,CMRE,DAC,NMM,KNOP,GSL,ESEA,PSHG,SFL,GASS,PANL,GNK,PXS,GOGL,DSX,SB,ASC,INSW,SHIP,SBLK,NAT,CTRM,GLBS,TOPS,SMHI,EDRY"
160,Coking Coal,Basic Materials,73.01,1,76,3,44,"SXC,HCC,METC,AMR,AREC"
161,Oil & Gas Refining & Marketing,Energy,71.37,1,2,4,8,"CAPL,NGL,CLNE,SUN,REX,VVV,AMTX,VLO,MPC,PSX,DK,CVI,PBF,PARR,UGP,CSAN,BPT"
162,Solar,Technology,71.21,0,0,1,0,"FTCI,VVPR,JKS,SOL,FSLR,SHLS,ARRY,RUN,SPI,CSIQ,ENPH,BEEM,NOVA,SEDG,MAXN"
163,Auto Manufacturers,Consumer Cyclical,69.8,0,0,2,3,"TSLA,GM,XPEV,BLBD,RACE,TM,LI,HMC,F,NIO,NIU,STLA,AYRO,WKHS,GP,VLCN,HYZN,NKLA,GOEV"
